{
  "id": "1907457",
  "name": "shops-shop",
  "font_family": "iconfont",
  "css_prefix_text": "icon-",
  "description": "",
  "glyphs": [
    {
      "icon_id": "763144",
      "name": "安全中心",
      "font_class": "anquanzhongxin89",
      "unicode": "e723",
      "unicode_decimal": 59171
    },
    {
      "icon_id": "5383656",
      "name": "设置",
      "font_class": "shezhi",
      "unicode": "e781",
      "unicode_decimal": 59265
    },
    {
      "icon_id": "6255759",
      "name": "订单",
      "font_class": "dingdan",
      "unicode": "e604",
      "unicode_decimal": 58884
    },
    {
      "icon_id": "6684323",
      "name": "地址",
      "font_class": "dizhi",
      "unicode": "e640",
      "unicode_decimal": 58944
    },
    {
      "icon_id": "6529905",
      "name": "空",
      "font_class": "kong",
      "unicode": "e708",
      "unicode_decimal": 59144
    },
    {
      "icon_id": "1471052",
      "name": "删除",
      "font_class": "shanchu",
      "unicode": "e677",
      "unicode_decimal": 58999
    },
    {
      "icon_id": "10292039",
      "name": "删 除",
      "font_class": "shanchu1",
      "unicode": "e614",
      "unicode_decimal": 58900
    },
    {
      "icon_id": "1170176",
      "name": "左箭头",
      "font_class": "zuojiantou",
      "unicode": "e6e1",
      "unicode_decimal": 59105
    },
    {
      "icon_id": "993786",
      "name": "搜索",
      "font_class": "sousuo",
      "unicode": "e650",
      "unicode_decimal": 58960
    },
    {
      "icon_id": "351771",
      "name": "首页",
      "font_class": "shouye",
      "unicode": "e61f",
      "unicode_decimal": 58911
    },
    {
      "icon_id": "653954",
      "name": "个人中心",
      "font_class": "gerenzhongxin",
      "unicode": "e603",
      "unicode_decimal": 58883
    },
    {
      "icon_id": "1244097",
      "name": "购物车",
      "font_class": "gouwuche",
      "unicode": "e636",
      "unicode_decimal": 58934
    },
    {
      "icon_id": "5732293",
      "name": "分类",
      "font_class": "sort",
      "unicode": "e65e",
      "unicode_decimal": 58974
    }
  ]
}
